,id,Id. Piquete,Piquete,Área,Cultivar,Módulo,Produção planejada,Tx. Ac mês,Estoque,Oferta mês,GM,Nome GM,Tipo,Dias,Ordem,Piq. atual,Último pastejo,Dias Ciclo,Centro,Cod. Fazenda,Fazenda,Dias descanso,Meta fazenda,Meta GM,geometry,lat,lon,,,,,,,,,
0,1,10117M10P1,M10P1,14.20,Piatã,10,101 | 10t | 2022,7.53,"1,911.19","10,497.18",59,"Lote 144,140, outros",Oferta,4,3,0,1969-12-31 21:00:45,9.65,"-20.147737, -53.277069",101,Santa Helena,8.00,"1,017.68","1,556.66",POINT (-53.277069 -20.147737),-20.15,-53.28,,
1,2,10117M10P10,M10P10,6.30,Piatã,10,101 | 10t | 2022,7.53,"3,016.44","6,882.69",62,Lote 150,Oferta,4,5,0,1969-12-31 21:00:45,6.54,"-20.151359, -53.266881",101,Santa Helena,3.00,"1,602.58","1,780.06",POINT (-53.266881 -20.151359),-20.15,-53.27,,,,
2,3,10117M10P11,M10P11,4.90,Piatã,10,101 | 10t | 2022,7.53,"2,026.93","3,803.53",62,Lote 150,Oferta,2,3,0,1969-12-31 21:00:45,9.63,"-20.153713, -53.264712",101,Santa Helena,7.00,"1,068.54","1,231.22",POINT (-53.264712 -20.153713),-20.15,-53.26,,,,
3,4,10117M10P12,M10P12,6.80,Piatã,10,101 | 10t | 2022,7.53,"2,756.11","6,863.13",62,Lote 150,Oferta,4,6,1,1969-12-31 21:00:45,2.62,"-20.152862, -53.267769",101,Santa Helena,-1.00,"1,458.48","1,505.64",POINT (-53.267769 -20.152862),-20.15,-53.27,,,,
4,5,10117M10P13,M10P13,12.90,Piatã,10,101 | 10t | 2022,7.53,"2,001.64","9,909.08",62,Lote 150,Oferta,6,2,0,1969-12-31 21:00:45,12.62,"-20.151004, -53.271106",101,Santa Helena,10.00,"1,043.11","1,094.01",POINT (-53.271106 -20.151004),-20.15,-53.27,,,,
5,6,10117M10P14,M10P14,14.50,Piatã,10,101 | 10t | 2022,7.53,"2,073.17","11,469.65",62,Lote 150,Oferta,7,4,0,1969-12-31 21:00:45,11.38,"-20.149085, -53.274267",101,Santa Helena,6.00,"1,093.97","1,368.43",POINT (-53.274267 -20.149085),-20.15,-53.27,,,,
6,7,10117M10P2,M10P2,13.90,Piatã,10,101 | 10t | 2022,7.53,"2,786.89","14,165.80",59,"Lote 144,140, outros",Oferta,5,5,1,1969-12-31 21:00:45,-0.40,"-20.146641, -53.279734",101,Santa Helena,-2.00,"1,483.91","2,679.12",POINT (-53.279734 -20.146641),-20.15,-53.28,,
7,8,10117M10P3,M10P3,14.50,Piatã,10,101 | 10t | 2022,7.53,"2,083.56","11,517.80",64,"Lote 170,151, outros",Oferta,4,2,0,1969-12-31 21:00:45,33.55,"-20.144757, -53.282120",101,Santa Helena,32.00,"1,110.92","1,149.27",POINT (-53.28212 -20.144757),-20.14,-53.28,,
8,9,10117M10P4,M10P4,12.50,Piatã,10,101 | 10t | 2022,7.53,"1,603.82","8,012.50",59,"Lote 144,140, outros",Oferta,3,2,0,1969-12-31 21:00:45,17.60,"-20.145385, -53.285099",101,Santa Helena,15.00,932.91,"1,182.51",POINT (-53.285099 -20.145385),-20.15,-53.29,,,
9,10,10117M10P5,M10P5,14.10,Zuri,10,101 | 10t | 2022,7.53,"2,081.16","11,189.25",59,"Lote 144,140, outros",Oferta,4,1,0,1969-12-31 21:00:45,31.64,"-20.141943, -53.279495",101,Santa Helena,21.00,"1,102.45","1,930.82",POINT (-53.279495 -20.141943),-20.14,-53.28,,
10,11,10117M10P6,M10P6,13,Zuri,10,101 | 10t | 2022,7.53,"2,081.16","10,316.33",59,"Lote 144,140, outros",Pulmão,4,Pulmão,0,00:00:00,"44,887.00","-20.142340, -53.277039",101,Santa Helena,"44,887.00","1,102.45","1,930.82",POINT (-53.277039 -20.14234),-20.14,-53.28
11,12,10117M10P7,M10P7,13.70,Zuri,10,101 | 10t | 2022,7.53,"2,081.16","10,871.82",59,"Lote 144,140, outros",Pulmão,4,Pulmão,0,00:00:00,"44,887.00","-20.143687, -53.275104",101,Santa Helena,"44,887.00","1,102.45","1,930.82",POINT (-53.275104 -20.143687),-20.14,-53.28
12,13,10117M10P8,M10P8,13.90,Piatã,10,101 | 10t | 2022,7.53,"2,255.97","11,807.12",59,"Lote 144,140, outros",Oferta,4,4,0,1969-12-31 21:00:45,7.45,"-20.145771, -53.272594",101,Santa Helena,3.00,"1,178.74","2,304.97",POINT (-53.272594 -20.145771),-20.15,-53.27,,
13,14,10117M10P9,M10P9,12.80,Piatã,10,101 | 10t | 2022,7.53,"1,873.59","9,308.43",62,Lote 150,Oferta,6,1,0,1969-12-31 21:00:45,22.64,"-20.148675, -53.269683",101,Santa Helena,19.00,992.25,956.80,POINT (-53.269683 -20.148675),-20.15,-53.27,,,,,,
14,15,10117M11P1,M11P1,20.88,Piatã,11,101 | 10t | 2022,7.53,"1,885.76","15,267.80",60,"Lote 148,145, outros",Oferta,5,4,0,1969-12-31 21:00:45,15.68,"-20.157115, -53.297567",101,Santa Helena,10.00,"1,000.72",607.80,POINT (-53.297567 -20.157115),-20.16,-53.30,,,
15,16,10117M11P2,M11P2,20.98,Piatã,11,101 | 10t | 2022,7.53,"2,934.19","22,364.78",60,"Lote 148,145, outros",Oferta,8,7,1,1969-12-31 21:00:45,2.55,"-20.159944, -53.300139",101,Santa Helena,-1.00,"1,560.20","1,148.73",POINT (-53.300139 -20.159944),-20.16,-53.30,,
16,17,10117M11P3,M11P3,16.14,Piatã,11,101 | 10t | 2022,7.53,"2,986.06","17,472.97",74,"Lote 173,169, outros",Oferta,12,3,1,1969-12-31 21:00:45,7.39,"-20.164196, -53.301052",101,Santa Helena,1.00,"1,568.68","1,758.33",POINT (-53.301052 -20.164196),-20.16,-53.30,,
17,18,10117M11P4,M11P4,19.69,Piatã,11,101 | 10t | 2022,7.53,"2,016.13","15,217.34",60,"Lote 148,145, outros",Oferta,5,6,0,1969-12-31 21:00:45,6.66,"-20.154668, -53.300719",101,Santa Helena,3.00,"1,051.58",715.98,POINT (-53.300719 -20.154668),-20.15,-53.30,,,
18,19,10117M11P5,M11P5,15.93,Piatã,11,101 | 10t | 2022,7.53,"1,743.63","10,924.53",60,"Lote 148,145, outros",Oferta,3,5,0,1969-12-31 21:00:45,9.67,"-20.151839, -53.297934",101,Santa Helena,7.00,958.34,499.61,POINT (-53.297934 -20.151839),-20.15,-53.30,,,,
19,20,10117M11P6,M11P6,13.51,Piatã,11,101 | 10t | 2022,7.53,"2,122.73","10,897.72",60,"Lote 148,145, outros",Oferta,3,3,0,1969-12-31 21:00:45,18.67,"-20.150365, -53.294003",101,Santa Helena,16.00,"1,127.88",932.36,POINT (-53.294003 -20.150365),-20.15,-53.29,,,
20,21,10117M11P7,M11P7,14.48,Piatã,11,101 | 10t | 2022,7.53,"2,029.60","11,252.48",60,"Lote 148,145, outros",Oferta,4,2,0,1969-12-31 21:00:45,21.66,"-20.147958, -53.291229",101,Santa Helena,19.00,"1,077.02",824.17,POINT (-53.291229 -20.147958),-20.15,-53.29,,,
21,22,10117M11P8,M11P8,14.96,Piatã,11,101 | 10t | 2022,7.53,"2,451.93","13,645.54",60,"Lote 148,145, outros",Oferta,4,1,0,1969-12-31 21:00:45,24.39,"-20.153629, -53.294955",101,Santa Helena,22.00,"1,280.46","1,040.54",POINT (-53.294955 -20.153629),-20.15,-53.29,,
22,23,10117M12P1,M12P1,11.04,Marandu,12,101 | 13t | 2022,9.47,"2,835.71","11,785.69",53,"Lote 9090130,137, outros",Oferta,13,1,0,1969-12-31 21:00:45,22.26,"-20.191574, -53.329743",101,Santa Helena,18.00,"1,500.86","1,836.71",POINT (-53.329743 -20.191574),-20.19,-53.33,,
23,24,10117M12P10,M12P10,11.28,Marandu,12,101 | 13t | 2022,9.47,"2,909.95","12,308.98",72,Lote 167,Oferta,6,6,0,1969-12-31 21:00:45,7.36,"-20.191207, -53.323372",101,Santa Helena,2.00,"1,551.72","2,572.12",POINT (-53.323372 -20.191207),-20.19,-53.32,,,,
24,25,10117M12P11,M12P11,10.81,Marandu,12,101 | 13t | 2022,9.47,"2,371.59","9,942.86",72,Lote 167,Oferta,5,4,0,1969-12-31 21:00:45,15.65,"-20.191304, -53.326555",101,Santa Helena,10.00,"1,229.60","1,545.71",POINT (-53.326555 -20.191304),-20.19,-53.33,,,,
25,26,10117M12P2,M12P2,8.89,Marandu,12,101 | 13t | 2022,9.47,"1,902.65","6,844.43",72,Lote 167,Oferta,3,3,0,1969-12-31 21:00:45,17.42,"-20.191861, -53.332791",101,Santa Helena,13.00,"1,009.20","1,289.11",POINT (-53.332791 -20.191861),-20.19,-53.33,,,,
26,27,10117M12P3,M12P3,8.91,Marandu,12,101 | 13t | 2022,9.47,"2,479.22","8,501.41",72,Lote 167,Oferta,4,1,0,1969-12-31 21:00:45,29.43,"-20.192404, -53.335848",101,Santa Helena,26.00,"1,288.94","2,058.92",POINT (-53.335848 -20.192404),-20.19,-53.34,,,,
27,28,10117M12P4,M12P4,9.37,Marandu,12,101 | 13t | 2022,9.47,"1,594.65","6,289.64",72,Lote 167,Oferta,3,5,0,1969-12-31 21:00:45,12.57,"-20.189303, -53.332852",101,Santa Helena,8.00,924.43,"1,032.51",POINT (-53.332852 -20.189303),-20.19,-53.33,,,,,
28,29,10117M12P5,M12P5,11.28,Marandu,12,101 | 13t | 2022,9.47,"1,745.26","8,111.95",53,"Lote 9090130,137, outros",Oferta,9,3,0,1969-12-31 21:00:45,8.43,"-20.188582, -53.329672",101,Santa Helena,5.00,966.82,932.87,POINT (-53.329672 -20.188582),-20.19,-53.33,,,,
29,30,10117M12P6,M12P6,11.23,Marandu,12,101 | 13t | 2022,9.47,"1,927.32","8,735.38",53,"Lote 9090130,137, outros",Oferta,9,2,0,1969-12-31 21:00:45,18.36,"-20.188278, -53.326269",101,Santa Helena,15.00,"1,026.15","1,384.79",POINT (-53.326269 -20.188278),-20.19,-53.33,,
30,31,10117M12P7,M12P7,9.15,Marandu,12,101 | 13t | 2022,9.47,"3,293.34","11,105.77",53,"Lote 9090130,137, outros",Oferta,12,4,1,1969-12-31 21:00:45,0.61,"-20.188068, -53.323050",101,Santa Helena,-3.00,"1,712.78","2,288.63",POINT (-53.32305 -20.188068),-20.19,-53.32,,
31,32,10117M12P8,M12P8,9.36,Marandu,12,101 | 13t | 2022,9.47,"2,688.73","9,551.67",56,Lote 134,Oferta,33,2,1,1969-12-31 21:00:45,1.56,"-20.187942, -53.320205",101,Santa Helena,-2.00,"1,416.09","2,460.95",POINT (-53.320205 -20.187942),-20.19,-53.32,,,,
32,33,10117M12P9,M12P9,10.64,Marandu,12,101 | 13t | 2022,9.47,"2,374.92","9,791.89",72,Lote 167,Oferta,5,2,0,1969-12-31 21:00:45,17.63,"-20.191000, -53.320149",101,Santa Helena,15.00,"1,238.08","1,802.31",POINT (-53.320149 -20.191),-20.19,-53.32,,,,
33,34,10117M13P1,M13P1,14.75,Marandu,13,101 | 18t | 2022,13.12,"2,542.61","15,287.27",57,"Lote 99991021,136, outros",Oferta,10,5,0,1969-12-31 21:00:45,6.38,"-20.190112, -53.308387",101,Santa Helena,2.00,"1,348.28","1,544.33",POINT (-53.308387 -20.190112),-20.19,-53.31,,
34,35,10117M13P2,M13P2,14.43,Marandu,13,101 | 18t | 2022,13.12,"3,316.68","18,519.09",57,"Lote 99991021,136, outros",Oferta,12,6,1,1969-12-31 21:00:45,1.37,"-20.189947, -53.304089",101,Santa Helena,-2.00,"1,755.17","2,400",POINT (-53.304089 -20.189947),-20.19,-53.30,,
35,36,10117M13P3,M13P3,12.08,Marandu,13,101 | 18t | 2022,13.12,"2,438.67","12,113.49",57,"Lote 99991021,136, outros",Oferta,8,4,0,1969-12-31 21:00:45,27.60,"-20.187176, -53.304049",101,Santa Helena,24.00,"1,271.98",973.88,POINT (-53.304049 -20.187176),-20.19,-53.30,,,
36,37,10117M13P4,M13P4,11.89,Marandu,13,101 | 18t | 2022,13.12,"2,607.39","12,570.38",57,"Lote 99991021,136, outros",Oferta,8,2,0,1969-12-31 21:00:45,37.69,"-20.187201, -53.308305",101,Santa Helena,35.00,"1,382.18","1,829.55",POINT (-53.308305 -20.187201),-20.19,-53.31,,
37,38,10117M13P5,M13P5,11.07,Marandu,13,101 | 18t | 2022,13.12,"2,507.55","11,346.45",57,"Lote 99991021,136, outros",Oferta,7,3,0,1969-12-31 21:00:45,27.54,"-20.187367, -53.312489",101,Santa Helena,25.00,"1,322.85","1,259.10",POINT (-53.312489 -20.187367),-20.19,-53.31,,
38,39,10117M13P6,M13P6,13.67,Marandu,13,101 | 18t | 2022,13.12,"2,258.36","12,925.34",56,Lote 134,Oferta,45,1,0,1969-12-31 21:00:45,21.28,"-20.187688, -53.316637",101,Santa Helena,19.00,"1,187.21","1,014.23",POINT (-53.316637 -20.187688),-20.19,-53.32,,,,
39,40,10117M13P7,M13P7,13.89,Marandu,13,101 | 18t | 2022,13.12,"2,758.74","15,353.96",72,Lote 167,Oferta,8,7,1,1969-12-31 21:00:45,1.32,"-20.190723, -53.316494",101,Santa Helena,-6.00,"1,466.95","2,315.52",POINT (-53.316494 -20.190723),-20.19,-53.32,,,,
40,41,10117M13P8,M13P8,14.38,Marandu,13,101 | 18t | 2022,13.12,"3,240.73","18,104.39",57,"Lote 99991021,136, outros",Oferta,12,1,0,1969-12-31 21:00:45,65.66,"-20.190340, -53.312446",101,Santa Helena,58.00,"1,678.88","2,114.78",POINT (-53.312446 -20.19034),-20.19,-53.31,,
41,42,10117M14P1,M14P1,12.70,Marandu,14,101 | 6t | 2022,4.64,"2,584.25","11,493.79",,,Pulmão,,Pulmão,0,1969-12-31 21:00:45,115.43,"-20.204140, -53.336306",101,Santa Helena,115.00,"1,373.71",0,POINT (-53.336306 -20.20414),-20.20,-53.34,,,,,
42,43,10117M14P2,M14P2,15.80,Marandu,14,101 | 6t | 2022,4.64,"3,269.29","17,758.74",77,"Lote 178, 176",Oferta,24,1,0,1969-12-31 21:00:45,97.68,"-20.204670, -53.334138",101,Santa Helena,97.00,"1,704.31",954.30,POINT (-53.334138 -20.20467),-20.20,-53.33,,,,
43,44,10117M14P3,M14P3,18.20,Marandu,14,101 | 6t | 2022,4.64,"3,627.72","22,541.25",77,"Lote 178, 176",Oferta,31,3,1,1969-12-31 21:00:45,10.67,"-20.208734, -53.335534",101,Santa Helena,-4.00,"1,924.71","1,626.22",POINT (-53.335534 -20.208734),-20.21,-53.34,,,
44,45,10117M14P4,M14P4,22.70,Marandu,14,101 | 6t | 2022,4.64,"3,732.00","28,871.20",77,"Lote 178, 176",Oferta,40,2,0,1969-12-31 21:00:45,24.53,"-20.207624, -53.339823",101,Santa Helena,10.00,"1,967.09","2,298.15",POINT (-53.339823 -20.207624),-20.21,-53.34,,,
45,46,10117M1P1,M1P1,3.03,Decumbens,1,101 | 6t | 2022,4.64,"1,559.00","1,749.33",,,,,,0,00:00:00,"44,887.00","-20.200933, -53.335497",101,Santa Helena,"44,887.00",915.95,0,POINT (-53.335497 -20.200933),-20.20,-53.34,,,,
46,47,10117M1P2,M1P2,34.03,Decumbens,1,101 | 6t | 2022,4.64,"1,624.46","20,358.86",,,Oferta,,3,0,1969-12-31 21:00:45,105.72,"-20.205150, -53.342575",101,Santa Helena,105.00,949.86,0,POINT (-53.342575 -20.20515),-20.21,-53.34,,,,,,
47,48,10117M1P3,M1P3,33.80,Decumbens,1,101 | 6t | 2022,4.64,168.10,"4,488.26",,,Oferta,,17,0,1969-12-31 21:00:45,32.28,"-20.202804, -53.345332",101,Santa Helena,27.00,873.57,0,POINT (-53.345332 -20.202804),-20.20,-53.35,,,,,,,
48,49,10117M1P4,M1P4,31.10,Decumbens,1,101 | 6t | 2022,4.64,198.91,"4,436.07",,,Oferta,,21,0,1969-12-31 21:00:45,26.55,"-20.197797, -53.340345",101,Santa Helena,15.00,890.52,0,POINT (-53.340345 -20.197797),-20.20,-53.34,,,,,,,
49,50,10117M1P5,M1P5,19.80,Decumbens,1,101 | 6t | 2022,4.64,216.67,"2,936.61",,,Oferta,,2,0,1969-12-31 21:00:45,106.45,"-20.199095, -53.337284",101,Santa Helena,106.00,899.00,0,POINT (-53.337284 -20.199095),-20.20,-53.34,,,,,,,
50,51,10117M1P6,M1P6,17.02,Piatã,1,101 | 6t | 2022,4.64,"2,111.72","12,833.02",,,Oferta,,12,0,1969-12-31 21:00:45,80.10,"-20.194825, -53.335151",101,Santa Helena,61.00,"1,119.40",0,POINT (-53.335151 -20.194825),-20.19,-53.34,,,,,
51,52,10117M2P1,M2P1,6.80,Marandu,2,101 | 6t | 2022,4.64,"3,173.58","7,434.98",71,"Lote 187,163, outros",Oferta,4,5,0,1969-12-31 21:00:45,24.55,"-20.209577, -53.342576",101,Santa Helena,19.00,"1,653.44","1,117.11",POINT (-53.342576 -20.209577),-20.21,-53.34,,
52,53,10117M2P2,M2P2,7,Marandu,2,101 | 6t | 2022,4.64,"2,994.61","7,253.25",71,"Lote 187,163, outros",Oferta,4,6,0,1969-12-31 21:00:45,18.26,"-20.209285, -53.345351",101,Santa Helena,12.00,"1,585.63",950.62,POINT (-53.345351 -20.209285),-20.21,-53.35,,,
53,54,10117M2P3,M2P3,7.30,Marandu,2,101 | 6t | 2022,4.64,"3,425.09","8,568.48",71,"Lote 187,163, outros",Oferta,5,7,0,1969-12-31 21:00:45,11.68,"-20.209243, -53.347785",101,Santa Helena,7.00,"1,831.46","1,616.59",POINT (-53.347785 -20.209243),-20.21,-53.35,,
54,55,10117M2P4,M2P4,6.90,Marandu,2,101 | 6t | 2022,4.64,"3,491.00","8,244.34",71,"Lote 187,163, outros",Oferta,4,3,0,1969-12-31 21:00:45,39.44,"-20.209732, -53.350426",101,Santa Helena,33.00,"1,873.84","1,783.08",POINT (-53.350426 -20.209732),-20.21,-53.35,,
55,56,10117M2P5,M2P5,6.70,Marandu,2,101 | 6t | 2022,4.64,"3,345.08","7,692.90",71,"Lote 187,163, outros",Oferta,4,9,1,1969-12-31 21:00:45,1.70,"-20.209819, -53.353942",101,Santa Helena,-2.00,"1,772.12","1,283.60",POINT (-53.353942 -20.209819),-20.21,-53.35,,
56,57,10117M2P6,M2P6,5.20,Marandu,2,101 | 6t | 2022,4.64,"3,542.15","6,298.14",71,"Lote 187,163, outros",Oferta,3,2,0,1969-12-31 21:00:45,46.27,"-20.208484, -53.351854",101,Santa Helena,40.00,"1,890.80","1,949.57",POINT (-53.351854 -20.208484),-20.21,-53.35,,
57,58,10117M2P7,M2P7,7.10,Marandu,2,101 | 6t | 2022,4.64,"3,671.19","8,892.21",71,"Lote 187,163, outros",Oferta,5,8,0,1969-12-31 21:00:45,6.41,"-20.206882, -53.350863",101,Santa Helena,2.00,"1,941.66","2,116.06",POINT (-53.350863 -20.206882),-20.21,-53.35,,
58,59,10117M2P8,M2P8,6.40,Marandu,2,101 | 6t | 2022,4.64,"3,354.83","7,368.38",71,"Lote 187,163, outros",Oferta,4,4,0,1969-12-31 21:00:45,32.43,"-20.206266, -53.348838",101,Santa Helena,26.00,"1,780.60","1,450.10",POINT (-53.348838 -20.206266),-20.21,-53.35,,
59,60,10117M2P9,M2P9,5.30,Marandu,2,101 | 6t | 2022,4.64,"3,731.05","6,739.24",71,"Lote 187,163, outros",Oferta,4,1,0,1969-12-31 21:00:45,50.60,"-20.207446, -53.346462",101,Santa Helena,47.00,"1,958.61","2,282.56",POINT (-53.346462 -20.207446),-20.21,-53.35,,
60,61,10117M3P1,M3P1,25.10,Marandu,3,101 | 6t | 2022,4.64,"2,823.83","24,638.03",,,Oferta,,14,0,1969-12-31 21:00:45,53.21,"-20.201708, -53.326868",101,Santa Helena,47.00,"1,492.38",0,POINT (-53.326868 -20.201708),-20.20,-53.33,,,,,
61,62,10117M3P10,M3P10,14.99,Marandu,3,101 | 6t | 2022,4.64,"2,061.64","11,062.49",69,Lote 161,Oferta,20,3,1,1969-12-31 21:00:45,9.44,"-20.204154, -53.330950",101,Santa Helena,-2.00,"1,085.49",816.74,POINT (-53.33095 -20.204154),-20.20,-53.33,,,,,
62,63,10117M3P11,M3P11,14.05,Marandu,3,101 | 6t | 2022,4.64,"2,023.51","10,197.53",69,Lote 161,Oferta,19,2,0,1969-12-31 21:00:45,24.41,"-20.200345, -53.330620",101,Santa Helena,10.00,"1,060.06",485.16,POINT (-53.33062 -20.200345),-20.20,-53.33,,,,,
63,64,10117M3P2,M3P2,25.20,Marandu,3,101 | 6t | 2022,4.64,"2,990.63","26,079.69",80,"Lote 191,189, outros",Oferta,25,1,0,1969-12-31 21:00:45,63.55,"-20.202186, -53.322844",101,Santa Helena,63.00,"1,577.15",998.48,POINT (-53.322844 -20.202186),-20.20,-53.32,,,
64,65,10117M3P3,M3P3,26.20,Marandu,3,101 | 6t | 2022,4.64,"3,384.25","30,410.66",,,Oferta,,19,0,1969-12-31 21:00:45,25.28,"-20.202684, -53.318721",101,Santa Helena,24.00,"1,806.03",0,POINT (-53.318721 -20.202684),-20.20,-53.32,,,,,
65,66,10117M3P4,M3P4,26.20,Marandu,3,101 | 6t | 2022,4.64,"3,376.14","30,342.75",,,Oferta,,23,0,1969-12-31 21:00:45,22.27,"-20.202913, -53.314389",101,Santa Helena,-6.00,"1,797.55",0,POINT (-53.314389 -20.202913),-20.20,-53.31,,,,,
66,67,10117M3P5,M3P5,25.60,Marandu,3,101 | 6t | 2022,4.64,"3,110.75","27,476.41",80,"Lote 191,189, outros",Oferta,26,3,1,1969-12-31 21:00:45,2.16,"-20.207470, -53.314482",101,Santa Helena,-3.00,"1,636.49","1,624.24",POINT (-53.314482 -20.20747),-20.21,-53.31,,
67,68,10117M3P6,M3P6,22.20,Marandu,3,101 | 6t | 2022,4.64,"3,420.68","26,026.29",80,"Lote 191,189, outros",Oferta,24,2,0,1969-12-31 21:00:45,55.59,"-20.207614, -53.319326",101,Santa Helena,54.00,"1,822.98","2,250",POINT (-53.319326 -20.207614),-20.21,-53.32,,
68,69,10117M3P7,M3P7,24.30,Marandu,3,101 | 6t | 2022,4.64,"2,688.26","22,799.87",,,Oferta,,18,0,1969-12-31 21:00:45,32.39,"-20.207418, -53.323647",101,Santa Helena,26.00,"1,407.61",0,POINT (-53.323647 -20.207418),-20.21,-53.32,,,,,
69,70,10117M3P8,M3P8,26.10,Marandu,3,101 | 6t | 2022,4.64,"3,244.43","29,128.26",,,Oferta,,15,0,1969-12-31 21:00:45,46.42,"-20.207151, -53.327724",101,Santa Helena,44.00,"1,687.35",0,POINT (-53.327724 -20.207151),-20.21,-53.33,,,,,
70,71,10117M3P9,M3P9,14.47,Marandu,3,101 | 6t | 2022,4.64,"2,228.61","11,450.93",69,Lote 161,Oferta,21,1,0,1969-12-31 21:00:45,92.41,"-20.208123, -53.331487",101,Santa Helena,92.00,"1,170.26","1,148.32",POINT (-53.331487 -20.208123),-20.21,-53.33,,,,
71,72,10117M4P1,M4P1,15.94,Marandu,4,101 | 6t | 2022,4.64,"3,231.06","17,721.30",,,Oferta,,6,0,1969-12-31 21:00:45,87.63,"-20.194025, -53.314157",101,Santa Helena,87.00,"1,670.40",0,POINT (-53.314157 -20.194025),-20.19,-53.31,,,,,
72,73,10117M4P10,M4P10,17.20,Marandu,4,101 | 6t | 2022,4.64,"2,692.93","16,163.82",78,"Lote 188, 179",Oferta,12,3,0,1969-12-31 21:00:45,67.55,"-20.197784, -53.322098",101,Santa Helena,64.00,"1,433.05","2,081.29",POINT (-53.322098 -20.197784),-20.20,-53.32,,,
73,74,10117M4P11,M4P11,13.90,Marandu,4,101 | 6t | 2022,4.64,"2,161.17","10,700.24",78,"Lote 188, 179",Oferta,8,6,0,1969-12-31 21:00:45,21.42,"-20.197519, -53.326041",101,Santa Helena,15.00,"1,144.83",962.10,POINT (-53.326041 -20.197519),-20.20,-53.33,,,,
74,75,10117M4P12,M4P12,13.70,Marandu,4,101 | 6t | 2022,4.64,"2,407.21","11,623.60",78,"Lote 188, 179",Oferta,9,7,0,1969-12-31 21:00:45,11.00,"-20.197169, -53.329904",101,Santa Helena,4.00,"1,255.03","1,894.76",POINT (-53.329904 -20.197169),-20.20,-53.33,,,
75,76,10117M4P13,M4P13,11.60,Marandu,4,101 | 6t | 2022,4.64,"2,363.65","9,680.37",78,"Lote 188, 179",Oferta,7,4,0,1969-12-31 21:00:45,30.69,"-20.194511, -53.329423",101,Santa Helena,27.00,"1,212.65","1,335.17",POINT (-53.329423 -20.194511),-20.19,-53.33,,,
76,77,10117M4P14,M4P14,11.70,Marandu,4,101 | 6t | 2022,4.64,"2,362.96","9,761.27",78,"Lote 188, 179",Oferta,7,5,0,1969-12-31 21:00:45,26.57,"-20.194439, -53.325711",101,Santa Helena,25.00,"1,204.17","1,148.63",POINT (-53.325711 -20.194439),-20.19,-53.33,,,
77,78,10117M4P15,M4P15,14.54,Marandu,4,101 | 6t | 2022,4.64,"2,369.99","12,163.31",78,"Lote 188, 179",Oferta,9,2,0,1969-12-31 21:00:45,70.56,"-20.194339, -53.321907",101,Santa Helena,68.00,"1,221.12","1,521.70",POINT (-53.321907 -20.194339),-20.19,-53.32,,,
78,79,10117M4P16,M4P16,14.80,Marandu,4,101 | 6t | 2022,4.64,"2,399.78","12,521.75",78,"Lote 188, 179",Oferta,9,8,1,1969-12-31 21:00:45,3.42,"-20.194303, -53.318072",101,Santa Helena,-2.00,"1,246.55","1,708.23",POINT (-53.318072 -20.194303),-20.19,-53.32,,,
79,80,10117M4P2,M4P2,16.80,Marandu,4,101 | 6t | 2022,4.64,"3,425.58","19,721.91",,,Oferta,,8,0,1969-12-31 21:00:45,77.60,"-20.194080, -53.310783",101,Santa Helena,75.00,"1,839.94",0,POINT (-53.310783 -20.19408),-20.19,-53.31,,,,,
80,81,10117M4P3,M4P3,20.50,Marandu,4,101 | 6t | 2022,4.64,"3,396.91","23,877.54",,,Oferta,,5,0,1969-12-31 21:00:45,90.41,"-20.194074, -53.307181",101,Santa Helena,89.00,"1,814.51",0,POINT (-53.307181 -20.194074),-20.19,-53.31,,,,,
81,82,10117M4P4,M4P4,19.88,Marandu,4,101 | 6t | 2022,4.64,"2,869.67","19,805.39",,,Oferta,,22,0,1969-12-31 21:00:45,14.42,"-20.193984, -53.303565",101,Santa Helena,8.00,"1,509.34",0,POINT (-53.303565 -20.193984),-20.19,-53.30,,,,,
82,83,10117M4P5,M4P5,21,Marandu,4,101 | 6t | 2022,4.64,"3,741.45","26,772.48",,,Oferta,,9,0,1969-12-31 21:00:45,74.59,"-20.199037, -53.303417",101,Santa Helena,71.00,"1,975.57",,POINT (-53.303417 -20.199037),-20.20,-53.30,,,,,
83,84,10117M4P6,M4P6,21,Marandu,4,101 | 6t | 2022,4.64,"3,552.19","25,502.18",,,Oferta,,11,0,1969-12-31 21:00:45,61.35,"-20.198831, -53.307003",101,Santa Helena,61.00,"1,899.28",0,POINT (-53.307003 -20.198831),-20.20,-53.31,,,,,
84,85,10117M4P7,M4P7,18.10,Marandu,4,101 | 6t | 2022,4.64,"3,559.63","22,023.45",,,Oferta,,10,0,1969-12-31 21:00:45,62.58,"-20.198644, -53.310617",101,Santa Helena,62.00,"1,907.75",0,POINT (-53.310617 -20.198644),-20.20,-53.31,,,,,
85,86,10117M4P8,M4P8,17.90,Marandu,4,101 | 6t | 2022,4.64,"3,049.56","18,861.97",,,Oferta,,20,0,1969-12-31 21:00:45,29.32,"-20.198364, -53.314244",101,Santa Helena,19.00,"1,611.06",0,POINT (-53.314244 -20.198364),-20.20,-53.31,,,,,
86,87,10117M4P9,M4P9,17.90,Marandu,4,101 | 6t | 2022,4.64,"3,080.31","19,037.87",78,"Lote 188, 179",Oferta,14,1,0,1969-12-31 21:00:45,84.62,"-20.198073, -53.318058",101,Santa Helena,84.00,"1,619.54","2,267.82",POINT (-53.318058 -20.198073),-20.20,-53.32,,,
87,88,10117M5P1,M5P1,40.61,Piatã,5,101 | 10t | 2022,7.53,"1,778.94","28,303.97",,,Oferta,,7,0,1969-12-31 21:00:45,82.62,"-20.189028, -53.297328",101,Santa Helena,78.00,975.29,0,POINT (-53.297328 -20.189028),-20.19,-53.30,,,,,,
88,89,10117M5P2,M5P2,44.60,Marandu,5,101 | 10t | 2022,7.53,"2,536.33","41,881.23",,,Oferta,,4,0,1969-12-31 21:00:45,106.63,"-20.184550, -53.297544",101,Santa Helena,102.00,"1,331.32",0,POINT (-53.297544 -20.18455),-20.18,-53.30,,,,,
89,90,10117M5P3,M5P3,43.20,Marandu,5,101 | 6t | 2022,4.64,158.42,"5,602.82",,,Pulmão,,Pulmão,0,00:00:00,"44,887","-20.183944, -53.289657",101,Santa Helena,"44,887",865.09,0,POINT (-53.289657 -20.183944),-20.18,-53.29,,,,,
90,91,10117M5P4,M5P4,36.30,Marandu,5,101 | 6t | 2022,4.64,107.64,"4,118.79",,,Pulmão,,Pulmão,0,1969-12-31 21:00:45,129.42,"-20.188723, -53.289394",101,Santa Helena,128.00,856.62,0,POINT (-53.289394 -20.188723),-20.19,-53.29,,,,,,,
91,92,10117M6P1,M6P1,105.63,Marandu,6,101 | 6t | 2022,4.64,217.17,"15,683.16",,,Oferta,,1,0,1969-12-31 21:00:45,136.68,"-20.178900, -53.295736",101,Santa Helena,130.00,907.48,0,POINT (-53.295736 -20.1789),-20.18,-53.30,,,,,,,
92,93,10117M6P2,M6P2,39.13,Marandu,6,101 | 6t | 2022,4.64,192.80,"5,504.97",,,Pulmão,,Pulmão,0,1969-12-31 21:00:45,143.63,"-20.174948, -53.299136",101,Santa Helena,137.00,882.05,0,POINT (-53.299136 -20.174948),-20.17,-53.30,,,,,,,
93,96,10117M7P1,M7P1,17.10,Marandu,7,101 | 10t | 2022,7.53,"3,461.46","21,113.78",62,Lote 150,Pulmão,13,Pulmão,0,1969-12-31 21:00:45,85.56,"-20.162590, -53.295943",101,Santa Helena,83.00,"1,856.89","2,191.69",POINT (-53.295943 -20.16259),-20.16,-53.30,,,,
94,97,10117M7P10,M7P10,23.60,Marandu,7,101 | 10t | 2022,7.53,"2,900.13","24,905.49",,,Oferta,,13,0,1969-12-31 21:00:45,55.65,"-20.172032, -53.292361",101,Santa Helena,49.00,"1,526.29",0,POINT (-53.292361 -20.172032),-20.17,-53.29,,,,,
95,98,10117M7P11,M7P11,14.90,Marandu,7,101 | 10t | 2022,7.53,"2,575.55","14,178.49",74,"Lote 173,169, outros",Pulmão,9,Pulmão,0,1969-12-31 21:00:45,64.68,"-20.171080, -53.296236",101,Santa Helena,61.00,"1,365.23","1,472.08",POINT (-53.296236 -20.17108),-20.17,-53.30,,
96,99,10117M7P12,M7P12,14.60,Marandu,7,101 | 10t | 2022,7.53,"2,294.93","12,583.54",74,"Lote 173,169, outros",Pulmão,8,Pulmão,0,1969-12-31 21:00:45,29.61,"-20.168194, -53.295098",101,Santa Helena,27.00,"1,195.69","1,185.82",POINT (-53.295098 -20.168194),-20.17,-53.30,,
97,100,10117M7P13,M7P13,16.80,Marandu,7,101 | 10t | 2022,7.53,"3,184.54","19,256.45",74,"Lote 173,169, outros",Oferta,13,1,0,1969-12-31 21:00:45,95.67,"-20.165468, -53.298176",101,Santa Helena,90.00,"1,661.92","2,044.59",POINT (-53.298176 -20.165468),-20.17,-53.30,,
98,101,10117M7P14,M7P14,18.60,Marandu,7,101 | 10t | 2022,7.53,"1,826.78","13,248.00",74,"Lote 173,169, outros",Oferta,9,2,0,1969-12-31 21:00:45,17.67,"-20.168812, -53.299715",101,Santa Helena,14.00,983.77,899.57,POINT (-53.299715 -20.168812),-20.17,-53.30,,,,
99,102,10117M7P2,M7P2,17,Marandu,7,101 | 10t | 2022,7.53,"2,994.65","18,453.92",62,Lote 150,Pulmão,11,Pulmão,0,1969-12-31 21:00:45,57.65,"-20.159249, -53.294458",101,Santa Helena,51.00,"1,594.11","1,642.85",POINT (-53.294458 -20.159249),-20.16,-53.29,,,,
100,103,10117M7P3,M7P3,16.50,Marandu,7,101 | 10t | 2022,7.53,"3,367.09","19,875.26",62,Lote 150,Pulmão,12,Pulmão,0,1969-12-31 21:00:45,97.66,"-20.162492, -53.291402",101,Santa Helena,95.00,"1,789.08","2,054.48",POINT (-53.291402 -20.162492),-20.16,-53.29,,,,
101,104,10117M7P4,M7P4,16.50,Marandu,7,101 | 10t | 2022,7.53,"3,108.55","18,511.85",62,Lote 150,Pulmão,11,Pulmão,0,1969-12-31 21:00:45,94.71,"-20.165486, -53.293158",101,Santa Helena,90.00,"1,628.01","1,917.27",POINT (-53.293158 -20.165486),-20.17,-53.29,,,,
102,105,10117M7P5,M7P5,16.20,Marandu,7,101 | 10t | 2022,7.53,"3,662.74","21,044.68",79,Lote 180,Oferta,14,3,1,1969-12-31 21:00:45,-0.29,"-20.168747, -53.289713",101,Santa Helena,-3.00,"1,933.18","2,250",POINT (-53.289713 -20.168747),-20.17,-53.29,,,,
103,106,10117M7P6,M7P6,16.70,Marandu,7,101 | 10t | 2022,7.53,"3,341.06","19,977.28",,,Oferta,,16,0,1969-12-31 21:00:45,48.64,"-20.165607, -53.288752",101,Santa Helena,42.00,"1,763.64",0,POINT (-53.288752 -20.165607),-20.17,-53.29,,,,,
104,107,10117M7P7,M7P7,14.30,Marandu,7,101 | 10t | 2022,7.53,"3,469.25","17,692.18",66,"Lote 159,156, outros",Pulmão,8,Pulmão,0,1969-12-31 21:00:45,112.54,"-20.168861, -53.285505",101,Santa Helena,111.00,"1,865.37","1,730.04",POINT (-53.285505 -20.168861),-20.17,-53.29,,
105,108,10117M7P8,M7P8,14,Marandu,7,101 | 10t | 2022,7.53,"3,526.98","17,579.34",79,Lote 180,Oferta,12,1,0,1969-12-31 21:00:45,60.53,"-20.171639, -53.286966",101,Santa Helena,56.00,"1,882.32","1,617.23",POINT (-53.286966 -20.171639),-20.17,-53.29,,,,
106,109,10117M7P9,M7P9,16.30,Marandu,7,101 | 10t | 2022,7.53,"2,871.59","17,052.97",79,Lote 180,Oferta,11,2,0,1969-12-31 21:00:45,41.61,"-20.174260, -53.289405",101,Santa Helena,35.00,"1,517.81",984.45,POINT (-53.289405 -20.17426),-20.17,-53.29,,,,,
107,110,10117M8P1,M8P1,12.90,Ipyporã,8,101 | 10t | 2022,7.53,"3,164.29","14,702.72",40,"Lote 90,88, outros",Pulmão,9,Pulmão,0,1969-12-31 21:00:45,102.33,"-20.159774, -53.289578",101,Santa Helena,101.00,"1,644.97","1,607.48",POINT (-53.289578 -20.159774),-20.16,-53.29,,
108,111,10117M8P10,M8P10,15.30,Piatã,8,101 | 10t | 2022,7.53,"2,902.20","16,156.43",65,"Lote 160,153, outros",Oferta,8,2,0,1969-12-31 21:00:45,27.65,"-20.151455, -53.278884",101,Santa Helena,26.00,"1,534.77","1,110.74",POINT (-53.278884 -20.151455),-20.15,-53.28,,
109,112,10117M8P11,M8P11,14.40,Piatã,8,101 | 10t | 2022,7.53,"2,498.94","13,350.10",52,"Lote 9090119, 149",Oferta,8,1,0,1969-12-31 21:00:45,17.58,"-20.155115, -53.280792",101,Santa Helena,14.00,"1,314.37","1,001.08",POINT (-53.280792 -20.155115),-20.16,-53.28,,,
110,113,10117M8P12,M8P12,15.40,Piatã,8,101 | 10t | 2022,7.53,"2,909.79","16,299.40",52,"Lote 9090119, 149",Oferta,10,2,0,1969-12-31 21:00:45,4.62,"-20.153959, -53.283579",101,Santa Helena,2.00,"1,543.25","1,673.45",POINT (-53.283579 -20.153959),-20.15,-53.28,,,
111,114,10117M8P13,M8P13,15.70,Piatã,8,101 | 10t | 2022,7.53,"3,302.62","18,588.12",40,"Lote 90,88, outros",Oferta,12,3,1,1969-12-31 21:00:45,-0.32,"-20.158134, -53.285343",101,Santa Helena,-3.00,"1,746.69","2,101.16",POINT (-53.285343 -20.158134),-20.16,-53.29,,
112,115,10117M8P14,M8P14,15,Piatã,8,101 | 10t | 2022,7.53,"2,691.41","14,829.08",40,"Lote 90,88, outros",Oferta,9,1,0,1969-12-31 21:00:45,26.61,"-20.159308, -53.282617",101,Santa Helena,23.00,"1,424.57",866.96,POINT (-53.282617 -20.159308),-20.16,-53.28,,,
113,116,10117M8P15,M8P15,14.10,Piatã,8,101 | 10t | 2022,7.53,"2,704.23","13,997.13",40,"Lote 90,88, outros",Oferta,9,2,0,1969-12-31 21:00:45,13.60,"-20.163723, -53.284973",101,Santa Helena,10.00,"1,441.52","1,113.80",POINT (-53.284973 -20.163723),-20.16,-53.28,,
114,117,10117M8P16,M8P16,14.20,Piatã,8,101 | 10t | 2022,7.53,"2,648.00","13,841.18",66,"Lote 159,156, outros",Oferta,6,2,0,1969-12-31 21:00:45,19.60,"-20.161923, -53.287057",101,Santa Helena,16.00,"1,390.66","1,324.66",POINT (-53.287057 -20.161923),-20.16,-53.29,,
115,118,10117M8P2,M8P2,12.90,Ipyporã,8,101 | 10t | 2022,7.53,"3,302.08","15,270.81",40,"Lote 90,88, outros",Pulmão,9,Pulmão,0,1969-12-31 21:00:45,82.69,"-20.156995, -53.292460",101,Santa Helena,80.00,"1,729.74","1,854.32",POINT (-53.29246 -20.156995),-20.16,-53.29,,
116,119,10117M8P3,M8P3,13.40,Ipyporã,8,101 | 10t | 2022,7.53,"2,756.08","13,524.30",64,"Lote 170,151, outros",Pulmão,5,Pulmão,0,1969-12-31 21:00:45,50.66,"-20.154696, -53.291137",101,Santa Helena,49.00,"1,450.00","1,399.65",POINT (-53.291137 -20.154696),-20.15,-53.29,,
117,120,10117M8P4,M8P4,13.70,Ipyporã,8,101 | 10t | 2022,7.53,"2,783.77","13,948.30",40,"Lote 90,88, outros",Pulmão,9,Pulmão,0,1969-12-31 21:00:45,105.62,"-20.156581, -53.288067",101,Santa Helena,102.00,"1,475.43","1,360.64",POINT (-53.288067 -20.156581),-20.16,-53.29,,
118,121,10117M8P5,M8P5,17,Piatã,8,101 | 10t | 2022,7.53,"3,684.39","22,201.59",64,"Lote 170,151, outros",Oferta,8,5,1,1969-12-31 21:00:45,-0.42,"-20.152738, -53.286623",101,Santa Helena,-3.00,"1,950.14","2,150.78",POINT (-53.286623 -20.152738),-20.15,-53.29,,
119,122,10117M8P6,M8P6,16.70,Piatã,8,101 | 10t | 2022,7.53,"3,294.71","19,729.86",64,"Lote 170,151, outros",Oferta,7,4,0,1969-12-31 21:00:45,1.58,"-20.151518, -53.289837",101,Santa Helena,0.00,"1,721.26","1,900.40",POINT (-53.289837 -20.151518),-20.15,-53.29,,
120,123,10117M8P7,M8P7,15.20,Piatã,8,101 | 10t | 2022,7.53,"1,609.95","9,772.94",64,"Lote 170,151, outros",Oferta,3,3,0,1969-12-31 21:00:45,10.54,"-20.147901, -53.287749",101,Santa Helena,7.00,941.38,898.89,POINT (-53.287749 -20.147901),-20.15,-53.29,,,,
121,124,10117M8P8,M8P8,14.40,Piatã,8,101 | 10t | 2022,7.53,"3,253.41","16,822.48",64,"Lote 170,151, outros",Oferta,6,1,0,1969-12-31 21:00:45,57.62,"-20.148983, -53.284789",101,Santa Helena,52.00,"1,695.83","1,650.02",POINT (-53.284789 -20.148983),-20.15,-53.28,,
122,125,10117M8P9,M8P9,15.40,Piatã,8,101 | 10t | 2022,7.53,"3,438.73","18,902.89",52,"Lote 9090119, 149",Oferta,12,3,1,1969-12-31 21:00:45,1.65,"-20.150160, -53.281820",101,Santa Helena,-1.00,"1,848.41","2,345.82",POINT (-53.28182 -20.15016),-20.15,-53.28,,,
123,126,10117M9P1,M9P1,11.40,Xaraés,9,101 | 10t | 2022,7.53,"2,421.65","10,287.21",66,"Lote 159,156, outros",Oferta,4,4,0,1969-12-31 21:00:45,11.67,"-20.166468, -53.283406",101,Santa Helena,9.00,"1,263.51",919.29,POINT (-53.283406 -20.166468),-20.17,-53.28,,,
124,127,10117M9P10,M9P10,12.10,Xaraés,9,101 | 10t | 2022,7.53,"2,488.87","11,178.84",36,"Lote 99991020,84, outros",Oferta,4,5,0,1969-12-31 21:00:45,5.38,"-20.156513, -53.266042",101,Santa Helena,3.00,"1,305.89",845.17,POINT (-53.266042 -20.156513),-20.16,-53.27,,,
125,128,10117M9P11,M9P11,16.50,Xaraés,9,101 | 10t | 2022,7.53,"2,540.72","15,517.35",36,"Lote 99991020,84, outros",Oferta,5,3,0,1969-12-31 21:00:45,13.63,"-20.160035, -53.268842",101,Santa Helena,12.00,"1,339.80","1,101.53",POINT (-53.268842 -20.160035),-20.16,-53.27,,
126,129,10117M9P12,M9P12,19.60,Xaraés,9,101 | 10t | 2022,7.53,"2,540.72","18,432.73",36,"Lote 99991020,84, outros",Oferta,6,1,0,1969-12-31 21:00:45,23.62,"-20.158699, -53.271744",101,Santa Helena,19.00,"1,339.80","1,101.53",POINT (-53.271744 -20.158699),-20.16,-53.27,,
127,130,10117M9P13,M9P13,15.20,Xaraés,9,101 | 10t | 2022,7.53,"2,567.01","14,422.44",36,"Lote 99991020,84, outros",Oferta,5,4,0,1969-12-31 21:00:45,8.57,"-20.161952, -53.273465",101,Santa Helena,6.00,"1,356.75","1,357.89",POINT (-53.273465 -20.161952),-20.16,-53.27,,
128,131,10117M9P14,M9P14,14.60,Xaraés,9,101 | 10t | 2022,7.53,"2,567.01","13,853.14",36,"Lote 99991020,84, outros",Oferta,4,6,0,1969-12-31 21:00:45,2.63,"-20.163880, -53.275986",101,Santa Helena,0.00,"1,356.75","1,357.89",POINT (-53.275986 -20.16388),-20.16,-53.28,,
129,132,10117M9P15,M9P15,10.90,Xaraés,9,101 | 10t | 2022,7.53,"1,980.42","8,298.88",36,"Lote 99991020,84, outros",Oferta,2,7,1,1969-12-31 21:00:45,-0.37,"-20.165890, -53.278503",101,Santa Helena,-2.00,"1,034.63",588.80,POINT (-53.278503 -20.16589),-20.17,-53.28,,,
130,133,10117M9P16,M9P16,11.30,Xaraés,9,101 | 10t | 2022,7.53,"1,980.42","8,603.42",66,"Lote 159,156, outros",Oferta,3,1,0,00:00:00,"44,887.00","-20.168064, -53.281152",101,Santa Helena,"44,887.00","1,034.63",588.80,POINT (-53.281152 -20.168064),-20.17,-53.28,
131,134,10117M9P2,M9P2,11,Xaraés,9,101 | 10t | 2022,7.53,"2,140.16","8,936.63",66,"Lote 159,156, outros",Oferta,4,3,0,1969-12-31 21:00:45,15.60,"-20.164117, -53.281663",101,Santa Helena,12.00,"1,136.35",716.60,POINT (-53.281663 -20.164117),-20.16,-53.28,,,
132,135,10117M9P3,M9P3,13.80,Xaraés,9,101 | 10t | 2022,7.53,"2,683.89","13,609.61",66,"Lote 159,156, outros",Oferta,6,6,1,1969-12-31 21:00:45,1.69,"-20.161954, -53.279963",101,Santa Helena,-1.00,"1,399.14","1,527.35",POINT (-53.279963 -20.161954),-20.16,-53.28,,
133,136,10117M9P4,M9P4,14.20,Xaraés,9,101 | 10t | 2022,7.53,"2,479.32","13,075.63",66,"Lote 159,156, outros",Oferta,5,5,0,1969-12-31 21:00:45,5.41,"-20.159851, -53.278446",101,Santa Helena,2.00,"1,297.41","1,121.97",POINT (-53.278446 -20.159851),-20.16,-53.28,,
134,137,10117M9P5,M9P5,14.90,Xaraés,9,101 | 10t | 2022,7.53,"2,202.82","12,403.47",65,"Lote 160,153, outros",Oferta,6,5,1,1969-12-31 21:00:45,5.36,"-20.157498, -53.274916",101,Santa Helena,2.00,"1,153.31",679.86,POINT (-53.274916 -20.157498),-20.16,-53.27,,,
135,138,10117M9P6,M9P6,14.40,Xaraés,9,101 | 10t | 2022,7.53,"3,302.28","17,047.43",65,"Lote 160,153, outros",Oferta,8,4,0,1969-12-31 21:00:45,10.40,"-20.156380, -53.277592",101,Santa Helena,6.00,"1,738.21","1,326.18",POINT (-53.277592 -20.15638),-20.16,-53.28,,
136,139,10117M9P7,M9P7,15.80,Xaraés,9,101 | 10t | 2022,7.53,"2,204.50","13,161.13",65,"Lote 160,153, outros",Oferta,6,3,0,1969-12-31 21:00:45,18.37,"-20.152667, -53.275886",101,Santa Helena,11.00,"1,161.78",895.30,POINT (-53.275886 -20.152667),-20.15,-53.28,,,
137,140,10117M9P8,M9P8,16.10,Xaraés,9,101 | 10t | 2022,7.53,"3,562.86","20,400.86",65,"Lote 160,153, outros",Oferta,10,1,0,1969-12-31 21:00:45,46.57,"-20.153840, -53.272587",101,Santa Helena,40.00,"1,916.23","1,541.62",POINT (-53.272587 -20.15384),-20.15,-53.27,,
138,141,10117M9P9,M9P9,14.60,Xaraés,9,101 | 10t | 2022,7.53,"3,562.86","18,500.15",36,"Lote 99991020,84, outros",Oferta,6,2,0,1969-12-31 21:00:45,18.55,"-20.155317, -53.269266",101,Santa Helena,14.00,"1,916.23","1,541.62",POINT (-53.269266 -20.155317),-20.16,-53.27,,
139,142,201122A,2A,18.60,Marandu,2,201 | 9t | 2022,6.56,"2,091.55","14,513.92",,,Pulmão,,Pulmão,0,1969-12-31 21:00:45,30.61,"-20.9685293, -53.0734313",201,Mateira,27.00,"2,572.29",0,POINT (-53.0734313 -20.9685293),-20.97,-53.07,,,,,
140,143,201122B,2B,19.90,Marandu,2,201 | 9t | 2022,6.56,"2,034.50","15,165.44",,,Pulmão,,Pulmão,0,1969-12-31 21:00:45,19.20,"-20.9633678, -53.0701605",201,Mateira,17.00,"2,398.79",0,POINT (-53.0701605 -20.9633678),-20.96,-53.07,,,,,
141,144,201122C,2C,14.80,Marandu,2,201 | 9t | 2022,6.56,"1,876.17","10,529.88",,,Pulmão,,Pulmão,0,1969-12-31 21:00:45,21.20,"-20.9643797, -53.0683043",201,Mateira,17.00,"2,225.29",0,POINT (-53.0683043 -20.9643797),-20.96,-53.07,,,,,
142,145,201122D,2D,15,Marandu,2,201 | 9t | 2022,6.56,"1,690.61","9,782.58",,,Pulmão,,Pulmão,0,1969-12-31 21:00:45,26.60,"-20.9698025, -53.0707244",201,Mateira,22.00,"2,051.79",0,POINT (-53.0707244 -20.9698025),-20.97,-53.07,,,,,
143,146,201133A,3A,13.90,Marandu,3,201 | 9t | 2022,6.56,"2,577.59","13,005.71",10,Lote 30,Oferta,2,4,1,1969-12-31 21:00:45,4.23,"-20.9551131, -53.0655397",201,Mateira,3.00,"3,034.95","1,269.06",POINT (-53.0655397 -20.9551131),-20.96,-53.07,,,,
144,147,201133B,3B,14.40,Marandu,3,201 | 9t | 2022,6.56,"1,789.87","9,848.10",10,Lote 30,Oferta,2,3,0,1969-12-31 21:00:45,7.17,"-20.9521498, -53.0644679",201,Mateira,5.00,"2,109.62",874.61,POINT (-53.0644679 -20.9521498),-20.95,-53.06,,,,,
145,148,201133C,3C,11.70,Marandu,3,201 | 9t | 2022,6.56,"1,557.06","7,130.99",10,Lote 30,Oferta,1,2,0,1969-12-31 21:00:45,11.15,"-20.9536541, -53.0620021",201,Mateira,8.00,"1,762.62",677.39,POINT (-53.0620021 -20.9536541),-20.95,-53.06,,,,,
146,149,201133D,3D,16.20,Marandu,3,201 | 9t | 2022,6.56,"2,359.94","14,030.76",10,Lote 30,Oferta,3,1,0,1969-12-31 21:00:45,13.23,"-20.9582492, -53.0639648",201,Mateira,11.00,"2,803.62","1,071.84",POINT (-53.0639648 -20.9582492),-20.96,-53.06,,,,
147,150,201144A,4A,15.70,Mombaça,4,201 | 10t | 2022,7.53,"2,638.45","15,255.39",12,"Lote 34,32, outros",Oferta,12,4,1,1969-12-31 21:00:45,4.23,"-20.9488274, -53.0625783",201,Mateira,-3.00,"3,092.79","3,169.91",POINT (-53.0625783 -20.9488274),-20.95,-53.06,,
148,151,201144B,4B,14.70,Mombaça,4,201 | 10t | 2022,7.53,"2,078.09","11,650.93",12,"Lote 34,32, outros",Oferta,9,1,0,1969-12-31 21:00:45,25.60,"-20.946111, -53.0612721",201,Mateira,19.00,"2,514.45","2,376.93",POINT (-53.0612721 -20.946111),-20.95,-53.06,,
149,152,201144C,4C,16.70,Mombaça,4,201 | 10t | 2022,7.53,"2,078.09","13,236.09",12,"Lote 34,32, outros",Oferta,10,2,0,1969-12-31 21:00:45,18.17,"-20.9473294, -53.0570603",201,Mateira,12.00,"2,514.45","2,376.93",POINT (-53.0570603 -20.9473294),-20.95,-53.06,,
150,153,201144D,4D,14.30,Mombaça,4,201 | 10t | 2022,7.53,"2,067.19","11,284.08",12,"Lote 34,32, outros",Oferta,8,3,0,1969-12-31 21:00:45,11.15,"-20.9501928, -53.0591843",201,Mateira,5.00,"2,456.62","1,583.95",POINT (-53.0591843 -20.9501928),-20.95,-53.06,,
151,154,201155A,5A,11.10,Mombaça,5,201 | 10t | 2022,7.53,"1,824.48","7,897.93",,,Oferta,,2,0,1969-12-31 21:00:45,63.62,"-20.9430719, -53.0606644",201,Mateira,62.00,"2,167.45",0,POINT (-53.0606644 -20.9430719),-20.94,-53.06,,,,,
152,155,201155B,5B,14,Mombaça,5,201 | 10t | 2022,7.53,601.51,"4,489.06",,,Oferta,,3,0,1969-12-31 21:00:45,10.15,"-20.9403328, -53.0590226",201,Mateira,8.00,"1,704.79",0,POINT (-53.0590226 -20.9403328),-20.94,-53.06,,,,,,
153,156,201155C,5C,13.20,Mombaça,5,201 | 10t | 2022,7.53,601.51,"4,232.54",,,Oferta,,4,0,1969-12-31 21:00:45,7.17,"-20.9419751, -53.056272",201,Mateira,5.00,"1,704.79",0,POINT (-53.056272 -20.9419751),-20.94,-53.06,,,,,,
154,157,201155D,5D,11.80,Mombaça,5,201 | 10t | 2022,7.53,601.51,"3,783.64",,,Oferta,,1,0,1969-12-31 21:00:45,65.22,"-20.944866, -53.056372",201,Mateira,64.00,"1,704.79",0,POINT (-53.056372 -20.944866),-20.94,-53.06,,,,,,
155,158,201166A,6A,15.50,Marandu,6,201 | 9t | 2022,6.56,601.51,"4,713.25",,,Pulmão,,Pulmão,0,00:00:00,"44,887.00","-20.9371792, -53.0574456",201,Mateira,"44,887.00","1,704.79",0,POINT (-53.0574456 -20.9371792),-20.94,-53.06,,,,
156,159,201166B,6B,17,Marandu,6,201 | 9t | 2022,6.56,601.51,"5,169.37",,,Pulmão,,Pulmão,0,00:00:00,"44,887.00","-20.9336888, -53.0556709",201,Mateira,"44,887.00","1,704.79",0,POINT (-53.0556709 -20.9336888),-20.93,-53.06,,,,
157,160,201166C,6C,15.90,Marandu,6,201 | 9t | 2022,6.56,601.51,"4,834.88",,,Pulmão,,Pulmão,0,00:00:00,"44,887.00","-20.9337866, -53.0521149",201,Mateira,"44,887.00","1,704.79",0,POINT (-53.0521149 -20.9337866),-20.93,-53.05,,,,
158,161,201166D,6D,13.50,Marandu,6,201 | 9t | 2022,6.56,601.51,"4,105.09",,,Pulmão,,Pulmão,0,00:00:00,"44,887.00","-20.9376439, -53.0539783",201,Mateira,"44,887.00","1,704.79",0,POINT (-53.0539783 -20.9376439),-20.94,-53.05,,,,
159,162,20117701,701,5,Mombaça,7,201 | 20t | 2022,15.02,"2,303.51","4,961.28",,,,,,0,1969-12-31 21:00:45,30.61,"-20.9538734, -53.0750184",201,Mateira,22.00,"2,745.79",0,POINT (-53.0750184 -20.9538734),-20.95,-53.08,,,,,
160,163,20117702,702,9.90,Mombaça,7,201 | 20t | 2022,15.02,"1,943.30","8,683.56",8,"Lote 37, 36",Oferta,5,9,0,1969-12-31 21:00:45,10.15,"-20.9507373, -53.0741122",201,Mateira,7.00,"2,340.95","3,870.22",POINT (-53.0741122 -20.9507373),-20.95,-53.07,,,
161,164,20117703,703,9.70,Mombaça,7,201 | 20t | 2022,15.02,"1,923.66","8,447.26",8,"Lote 37, 36",Oferta,4,6,0,1969-12-31 21:00:45,17.54,"-20.950743, -53.0760173",201,Mateira,17.00,"2,283.12","3,613.24",POINT (-53.0760173 -20.950743),-20.95,-53.08,,,
162,165,20117704,704,10.30,Mombaça,7,201 | 20t | 2022,15.02,"2,405.20","10,555.00",8,"Lote 37, 36",Oferta,6,10,0,1969-12-31 21:00:45,6.32,"-20.9466135, -53.0763769",201,Mateira,5.00,"2,919.29","4,898.13",POINT (-53.0763769 -20.9466135),-20.95,-53.08,,,
163,166,20117705,705,9.60,Mombaça,7,201 | 20t | 2022,15.02,"1,587.38","7,328.38",8,"Lote 37, 36",Oferta,4,8,0,1969-12-31 21:00:45,15.72,"-20.9464996, -53.0739921",201,Mateira,11.00,"1,936.12","3,099.28",POINT (-53.0739921 -20.9464996),-20.95,-53.07,,,
164,167,20117706,706,10.10,Mombaça,7,201 | 20t | 2022,15.02,"2,516.61","10,709.70",8,"Lote 37, 36",Oferta,6,12,1,1969-12-31 21:00:45,2.74,"-20.9463211, -53.0717591",201,Mateira,1.00,"2,977.12","5,155.11",POINT (-53.0717591 -20.9463211),-20.95,-53.07,,,
165,168,20117707,707,9.50,Mombaça,7,201 | 20t | 2022,15.02,"2,094.74","8,792.55",8,"Lote 37, 36",Oferta,5,4,0,1969-12-31 21:00:45,24.46,"-20.9459731, -53.0694943",201,Mateira,20.00,"2,630.12","4,127.19",POINT (-53.0694943 -20.9459731),-20.95,-53.07,,,
166,169,20117708,708,9.60,Mombaça,7,201 | 20t | 2022,15.02,"2,214.63","9,252.95",8,"Lote 37, 36",Oferta,5,7,0,1969-12-31 21:00:45,19.20,"-20.945567, -53.067158",201,Mateira,16.00,"2,687.95","4,384.17",POINT (-53.067158 -20.945567),-20.95,-53.07,,,
167,170,20117709,709,9.80,Mombaça,7,201 | 20t | 2022,15.02,"1,646.19","7,665.26",8,"Lote 37, 36",Oferta,4,1,0,1969-12-31 21:00:45,42.17,"-20.9451917, -53.0646577",201,Mateira,37.00,"1,993.95","3,356.26",POINT (-53.0646577 -20.9451917),-20.95,-53.06,,,
168,171,20117710,710,9.40,Mombaça,7,201 | 20t | 2022,15.02,"3,013.48","11,460.21",8,"Lote 37, 36",Oferta,6,2,0,1969-12-31 21:00:45,30.73,"-20.949148, -53.065999",201,Mateira,27.00,"3,208.45","5,669.07",POINT (-53.065999 -20.949148),-20.95,-53.07,,,
169,172,20117711,711,8.80,Mombaça,7,201 | 20t | 2022,15.02,"2,367.89","8,912.93",8,"Lote 37, 36",Oferta,5,5,0,1969-12-31 21:00:45,21.20,"-20.9495774, -53.0679737",201,Mateira,18.00,"2,861.45","4,641.15",POINT (-53.0679737 -20.9495774),-20.95,-53.07,,,
170,173,20117712,712,9.10,Mombaça,7,201 | 20t | 2022,15.02,"2,760.30","10,358.10",8,"Lote 37, 36",Oferta,6,3,0,1969-12-31 21:00:45,28.60,"-20.9500212, -53.0699346",201,Mateira,25.00,"3,150.62","5,412.09",POINT (-53.0699346 -20.9500212),-20.95,-53.07,,,
171,174,20117713,713,9.30,Mombaça,7,201 | 20t | 2022,15.02,"3,181.90","11,838.90",8,"Lote 37, 36",Oferta,6,11,0,1969-12-31 21:00:45,4.23,"-20.9504241, -53.0719863",201,Mateira,3.00,"3,266.29","5,926.05",POINT (-53.0719863 -20.9504241),-20.95,-53.07,,,
172,175,201178A,8A,6.10,Decumbens,7,201 | 8t | 2022,5.59,"1,575.84","3,653.43",,,Pulmão,,Pulmão,0,00:00:00,"44,887.00","-20.9532, -53.071749",201,Mateira,"44,887.00","1,878.29",0,POINT (-53.071749 -20.9532),-20.95,-53.07,,,
173,176,201178B,8B,6.80,Decumbens,7,201 | 8t | 2022,5.59,"1,571.49","4,063.23",,,Pulmão,,Pulmão,0,00:00:00,"44,887.00","-20.9525132, -53.0681547",201,Mateira,"44,887.00","1,820.45",0,POINT (-53.0681547 -20.9525132),-20.95,-53.07,,,
174,177,301144A1,4A1,14.12,Mombaça,4,301 | 10t | 2022,7.53,875.54,"5,764.61",,,,,,0,1969-12-31 21:00:45,89.54,"-20.280623890511702 , -53.781765058734685",301,Cachoeirinha,86.00,"2,614.74",0,POINT (-53.781765058734685 -20.280623890511702),-20.28,-53.78,,,,,,
175,178,301144A2,4A2,20.28,Mombaça,4,301 | 10t | 2022,7.53,791.96,"7,737.51",,,,,,0,00:00:00,"44,887.00","-20.278089453197154 , -53.78215852365548",301,Cachoeirinha,"44,887.00","1,941.05",0,POINT (-53.78215852365548 -20.278089453197154),-20.28,-53.78,,,,
176,179,301144A3,4A3,16.26,Mombaça,4,301 | 10t | 2022,7.53,824.98,"6,375.76",,,,,,0,00:00:00,"44,887.00","-20.279354311543432 , -53.787617117486306",301,Cachoeirinha,"44,887.00","2,277.89",0,POINT (-53.787617117486306 -20.279354311543432),-20.28,-53.79,,,,
177,180,301144A4,4A4,16.95,Mombaça,4,301 | 10t | 2022,7.53,810.95,"6,568.04",,,,,,0,00:00:00,"44,887.00","-20.28219991331378 , -53.786953567683334",301,Cachoeirinha,"44,887.00","2,109.47",0,POINT (-53.786953567683334 -20.28219991331378),-20.28,-53.79,,,,
178,181,301144B1,4B1,16.14,Mombaça,4,301 | 10t | 2022,7.53,764.63,"6,016.94",,,,,,0,00:00:00,"44,887.00","-20.27528002143426 , -53.78078354048846",301,Cachoeirinha,"44,887.00","1,520",0,POINT (-53.78078354048846 -20.27528002143426),-20.28,-53.78,,,,
179,182,301144B2,4B2,16.24,Mombaça,4,301 | 10t | 2022,7.53,765.20,"6,058.23",,,,,,0,00:00:00,"44,887.00","-20.272704264344892 , -53.781229522394604",301,Cachoeirinha,"44,887.00","1,604.21",0,POINT (-53.781229522394604 -20.272704264344892),-20.27,-53.78,,,,
180,183,301144B3,4B3,15.65,Mombaça,4,301 | 10t | 2022,7.53,848.99,"6,256.85",,,,,,0,00:00:00,"44,887.00","-20.27381375157972 , -53.78629058727919",301,Cachoeirinha,"44,887.00","2,446.32",0,POINT (-53.78629058727919 -20.27381375157972),-20.27,-53.79,,,,
181,184,301144B4,4B4,15.86,Mombaça,4,301 | 10t | 2022,7.53,779.49,"5,987.80",,,,,,0,00:00:00,"44,887.00","-20.27645929572206 , -53.786481433634314",301,Cachoeirinha,"44,887.00","1,856.84",0,POINT (-53.786481433634314 -20.27645929572206),-20.28,-53.79,,,,
182,185,301144C1,4C1,13.26,Mombaça,4,301 | 10t | 2022,7.53,777.84,"4,999.22",,,,,,0,00:00:00,"44,887.00","-20.26983451557442 , -53.781039115483715",301,Cachoeirinha,"44,887.00","1,772.63",0,POINT (-53.781039115483715 -20.26983451557442),-20.27,-53.78,,,,
183,186,301144C2,4C2,13.45,Mombaça,4,301 | 10t | 2022,7.53,771.87,"5,044.27",,,,,,0,00:00:00,"44,887.00","-20.2668267533875 , -53.781680266137684",301,Cachoeirinha,"44,887.00","1,688.42",0,POINT (-53.781680266137684 -20.2668267533875),-20.27,-53.78,,,,
184,187,301144C3,4C3,12.52,Mombaça,4,301 | 10t | 2022,7.53,810.52,"4,850.44",,,,,,0,00:00:00,"44,887.00","-20.267842639523113 , -53.78522809924116",301,Cachoeirinha,"44,887.00","2,025.26",0,POINT (-53.78522809924116 -20.267842639523113),-20.27,-53.79,,,,
185,188,301144C4,4C4,13.06,Mombaça,4,301 | 10t | 2022,7.53,823.13,"5,112.41",,,,,,0,00:00:00,"44,887.00","-20.27063408693438 , -53.78520462280772",301,Cachoeirinha,"44,887.00","2,193.68",0,POINT (-53.78520462280772 -20.27063408693438),-20.27,-53.79,,,,
186,189,301144D1,4D1,13.93,Mombaça,4,301 | 10t | 2022,7.53,921.43,"5,891.65",,,,,,0,00:00:00,"44,887.00","-20.27591763775154 , -53.79113269420035",301,Cachoeirinha,"44,887.00","3,035.79",0,POINT (-53.79113269420035 -20.27591763775154),-20.28,-53.79,,,,
187,190,301144D2,4D2,13.84,Mombaça,4,301 | 10t | 2022,7.53,879.35,"5,666.64",,,,,,0,00:00:00,"44,887.00","-20.272561754922137 , -53.78919899973761",301,Cachoeirinha,"44,887.00","2,698.95",0,POINT (-53.78919899973761 -20.272561754922137),-20.27,-53.79,,,,
188,191,301144D3,4D3,12.81,Mombaça,4,301 | 10t | 2022,7.53,888.68,"5,283.61",,,,,,0,1969-12-31 21:00:45,70.21,"-20.271439730705495 , -53.791098718998114",301,Cachoeirinha,71.00,"2,783.16",0,POINT (-53.791098718998114 -20.271439730705495),-20.27,-53.79,,,,,,
189,192,301144D4,4D4,13.01,Mombaça,4,301 | 10t | 2022,7.53,926.05,"5,519.84",,,,,,0,00:00:00,"44,887.00","-20.275027542990617 , -53.79399890387029",301,Cachoeirinha,"44,887.00","3,120",0,POINT (-53.79399890387029 -20.275027542990617),-20.28,-53.79,,,,
190,193,3011440,40,13.29,Mombaça,4,301 | 10t | 2022,7.53,903.44,"5,545.83",,,,,,0,00:00:00,"44,887.00","-20.283345265976894 , -53.79132799727895",301,Cachoeirinha,"44,887.00","2,867.37",0,POINT (-53.79132799727895 -20.283345265976894),-20.28,-53.79,,,,
191,194,30114400,400,12.82,Mombaça,4,301 | 10t | 2022,7.53,857.29,"5,159.61",,,,,,0,00:00:00,"44,887.00","-20.279914109421277 , -53.7914327441705",301,Cachoeirinha,"44,887.00","2,530.53",0,POINT (-53.7914327441705 -20.279914109421277),-20.28,-53.79,,,,
192,195,301144000,4000,12.59,Mombaça,4,301 | 10t | 2022,7.53,843.64,"5,010.19",,,,,,0,00:00:00,"44,887.00","-20.279508870362278 , -53.794175678708974",301,Cachoeirinha,"44,887.00","2,362.11",0,POINT (-53.794175678708974 -20.279508870362278),-20.28,-53.79,,,,
193,196,3011440000,40000,11.73,Mombaça,4,301 | 10t | 2022,7.53,903.68,"4,892.58",,,,,,0,00:00:00,"44,887.00","-20.28392350964234 , -53.7943706356528",301,Cachoeirinha,"44,887.00","2,951.58",0,POINT (-53.7943706356528 -20.28392350964234),-20.28,-53.79,,,,
194,197,30211615PUL 1,15PUL 1,17.90,Mombaça,16,302 | 7t | 2022,4.86,903.68,"6,652.72",,,,,,0,00:00:00,"44,887.00","-20.112980, -53.875757",302,Seriema,"44,887.00","2,951.58",0,POINT (-53.875757 -20.11298),-20.11,-53.88,,,,
195,198,30211615PUL 2,15PUL 2,18.70,Mombaça,16,302 | 7t | 2022,4.86,903.68,"6,950.04",,,,,,0,00:00:00,"44,887.00","-20.114698, -53.870747",302,Seriema,"44,887.00","2,951.58",0,POINT (-53.870747 -20.114698),-20.11,-53.87,,,,
196,199,302116PV16-01,PV16-01,3.30,Mombaça,16,302 | 33t | 2022,20.38,"2,312.75","3,585.91","3,021",Lote 1,Oferta,0,3,0,1969-12-31 21:00:45,29.43,"-20.106418724677514 , -53.8794",302,Seriema,27.00,"2,493.77","2,848.55",POINT (-53.8794 -20.106418724677514),-20.11,-53.88,,,
197,200,302116PV16-02,PV16-02,2.90,Mombaça,16,302 | 33t | 2022,20.38,"3,204.39","3,977.70","3,021",Lote 1,Oferta,1,10,0,1969-12-31 21:00:45,12.51,"-20.10712743927501 , -53.87971",302,Seriema,11.00,"3,195.73","3,308.26",POINT (-53.87971 -20.10712743927501),-20.11,-53.88,,,
198,201,302116PV16-03,PV16-03,3,Mombaça,16,302 | 33t | 2022,20.38,"1,517.33","2,497.24","3,021",Lote 1,Oferta,0,7,0,1969-12-31 21:00:45,20.43,"-20.10772612602751 , -53.88012",302,Seriema,20.00,"1,947.80","2,235.60",POINT (-53.88012 -20.10772612602751),-20.11,-53.88,,,
199,202,302116PV16-04,PV16-04,3.60,Mombaça,16,302 | 33t | 2022,20.38,"1,105.81","2,523.19","3,021",Lote 1,Oferta,0,9,0,1969-12-31 21:00:45,13.31,"-20.10821693323362 , -53.88076",302,Seriema,13.00,"1,713.82","1,929.13",POINT (-53.88076 -20.10821693323362),-20.11,-53.88,,,
200,203,302116PV16-05,PV16-05,3.60,Mombaça,16,302 | 33t | 2022,20.38,834.08,"2,210.53","3,021",Lote 1,Oferta,0,1,0,1969-12-31 21:00:45,41.57,"-20.108586410377097 , -53.8815",302,Seriema,41.00,"1,635.82","1,775.89",POINT (-53.8815 -20.108586410377097),-20.11,-53.88,,,,
201,204,302116PV16-06,PV16-06,3.40,Mombaça,16,302 | 33t | 2022,20.38,"1,423.63","2,728.38","3,021",Lote 1,Oferta,0,8,0,1969-12-31 21:00:45,19.42,"-20.1086348045886 , -53.882469",302,Seriema,18.00,"1,869.81","2,082.37",POINT (-53.882469 -20.1086348045886),-20.11,-53.88,,,
202,205,302116PV16-07,PV16-07,3.40,Mombaça,16,302 | 33t | 2022,20.38,"3,218.72","4,679.07","3,021",Lote 1,Oferta,1,2,0,1969-12-31 21:00:45,33.50,"-20.108690265241854 , -53.8833",302,Seriema,33.00,"3,273.73","3,461.50",POINT (-53.8833 -20.108690265241854),-20.11,-53.88,,,
203,206,302116PV16-08,PV16-08,3.40,Mombaça,16,302 | 33t | 2022,20.38,"3,002.23","4,443.82","3,021",Lote 1,Oferta,1,11,0,1969-12-31 21:00:45,10.37,"-20.10846110901493 , -53.88417",302,Seriema,9.00,"3,039.74","3,155.03",POINT (-53.88417 -20.10846110901493),-20.11,-53.88,,,
204,207,302116PV16-09,PV16-09,3.70,Mombaça,16,302 | 33t | 2022,20.38,"2,036.56","3,693.95","3,021",Lote 1,Oferta,1,5,0,1969-12-31 21:00:45,26.47,"-20.1080880468226 , -53.884983",302,Seriema,23.00,"2,259.78","2,542.08",POINT (-53.884983 -20.1080880468226),-20.11,-53.88,,,
205,208,302116PV16-10,PV16-10,3.70,Mombaça,16,302 | 33t | 2022,20.38,"2,103.24","3,772.81","3,021",Lote 1,Oferta,1,4,0,1969-12-31 21:00:45,29.39,"-20.107397342098732 , -53.8855",302,Seriema,27.00,"2,337.78","2,695.31",POINT (-53.8855 -20.107397342098732),-20.11,-53.89,,,
206,209,302116PV16-11,PV16-11,3.90,Mombaça,16,302 | 33t | 2022,20.38,"1,746.06","3,531.52","3,021",Lote 1,Oferta,0,6,0,1969-12-31 21:00:45,22.43,"-20.106565512284323 , -53.8859",302,Seriema,21.00,"2,025.80","2,388.84",POINT (-53.8859 -20.106565512284323),-20.11,-53.89,,,
207,210,302116PV16-12,PV16-12,3.40,Mombaça,16,302 | 33t | 2022,20.38,"2,645.25","4,055.90","3,021",Lote 1,Oferta,1,12,1,1969-12-31 21:00:45,8.53,"-20.105701045145548 , -53.8859",302,Seriema,8.00,"2,805.75","3,001.79",POINT (-53.8859 -20.105701045145548),-20.11,-53.89,,,
208,211,302116PVPUL 1,PVPUL 1,4.50,Mombaça,16,302 | 7t | 2022,4.86,"2,645.25","4,177.30",,,,,,0,00:00:00,"44,887.00","-20.109232, -53.886932",302,Seriema,"44,887.00","2,805.75","3,001.79",POINT (-53.886932 -20.109232),-20.11,-53.89,,
209,212,302116PVPUL 2,PVPUL 2,3.30,Mombaça,16,302 | 7t | 2022,4.86,"2,645.25","3,063.35",,,,,,0,00:00:00,"44,887.00","-20.110432, -53.882262",302,Seriema,"44,887.00","2,805.75","3,001.79",POINT (-53.882262 -20.110432),-20.11,-53.88,,
210,213,30211919A,19A,13,Mombaça,19,302 | 10t | 2022,7.73,"1,777.32","9,097.80","3,022",Lote 2,Oferta,2,4,0,1969-12-31 21:00:45,26.33,"-20.1182364904562 , -53.873641",302,Seriema,22.00,"2,103.79","1,772.26",POINT (-53.873641 -20.1182364904562),-20.12,-53.87,,,
211,214,30211919B,19B,11.70,Mombaça,19,302 | 10t | 2022,7.73,"1,916.35","8,707.90","3,022",Lote 2,Oferta,2,5,0,1969-12-31 21:00:45,21.42,"-20.116988061284115 , -53.8759",302,Seriema,19.00,"2,181.79","1,952.59",POINT (-53.8759 -20.116988061284115),-20.12,-53.88,,,
212,215,30211919C,19C,13,Mombaça,19,302 | 10t | 2022,7.73,"3,045.40","14,366.62","3,022",Lote 2,Oferta,4,8,0,1969-12-31 21:00:45,7.52,"-20.115319387057472 , -53.8783",302,Seriema,3.00,"3,117.73","3,214.89",POINT (-53.8783 -20.115319387057472),-20.12,-53.88,,,
213,216,30211919D,19D,12.50,Mombaça,19,302 | 10t | 2022,7.73,"2,823.23","12,926.47","3,022",Lote 2,Oferta,3,10,1,1969-12-31 21:00:45,2.58,"-20.113584051551648 , -53.8808",302,Seriema,2.58,"2,961.74","3,034.56",POINT (-53.8808 -20.113584051551648),-20.11,-53.88,,,
214,217,30211919E,19E,10.30,Mombaça,19,302 | 10t | 2022,7.73,"2,816.25","10,628.42","3,022",Lote 2,Oferta,3,1,0,00:00:00,"44,887.00","-20.11213057991373 , -53.88322",302,Seriema,"44,887.00","2,883.75","2,854.23",POINT (-53.88322 -20.11213057991373),-20.11,-53.88,
215,218,30211919F,19F,19.50,Mombaça,19,302 | 10t | 2022,7.73,"2,342.30","17,167.90","3,022",Lote 2,Oferta,4,3,0,00:00:00,"44,887.00","-20.112414915340597 , -53.8865",302,Seriema,"44,887.00","2,571.77","2,313.24",POINT (-53.8865 -20.112414915340597),-20.11,-53.89,
216,219,30211919G,19G,16.10,Mombaça,19,302 | 10t | 2022,7.73,"1,330.48","8,967.96","3,022",Lote 2,Oferta,2,7,0,1969-12-31 21:00:45,18.42,"-20.118625367545803 , -53.8808",302,Seriema,14.00,"1,791.81","1,591.93",POINT (-53.8808 -20.118625367545803),-20.12,-53.88,,,
217,220,30211919H,19H,10.70,Mombaça,19,302 | 10t | 2022,7.73,"2,416.32","9,673.48","3,022",Lote 2,Oferta,2,2,0,00:00:00,"44,887.00","-20.115834364730265 , -53.8832",302,Seriema,"44,887.00","2,727.76","2,673.90",POINT (-53.8832 -20.115834364730265),-20.12,-53.88,
218,221,30211919I,19I,13.80,Mombaça,19,302 | 10t | 2022,7.73,"2,133.93","11,230.52","3,022",Lote 2,Oferta,3,6,0,1969-12-31 21:00:45,17.42,"-20.117907897468072 , -53.8852",302,Seriema,14.00,"2,415.78","2,132.91",POINT (-53.8852 -20.117907897468072),-20.12,-53.89,,,
219,222,30211919J,19J,11.20,Mombaça,19,302 | 10t | 2022,7.73,"2,366.41","9,946.83","3,022",Lote 2,Oferta,2,9,0,1969-12-31 21:00:45,2.58,"-20.121468147545883 , -53.8835",302,Seriema,2.58,"2,649.76","2,493.57",POINT (-53.8835 -20.121468147545883),-20.12,-53.88,,,
220,223,5011H17PA,H17PA,16.80,Marandu,H17,501 | 12t | 2022,9.05,"2,752.80","17,374.57",,,Oferta,,2,0,00:00:00,"44,887.00","-21.096911732552822 , -52.6235",501,Horizonte,"44,887.00","2,059.82",0,POINT (-52.6235 -21.096911732552822),-21.10,-52.62,,,
221,224,5011H17PB,H17PB,16.30,Marandu,H17,501 | 12t | 2022,9.05,"1,510.43","10,385.08",,,Oferta,,3,0,00:00:00,"44,887.00","-21.09946007837525 , -52.62597",501,Horizonte,"44,887.00","1,644.85",0,POINT (-52.62597 -21.09946007837525),-21.10,-52.63,,,
222,225,5011H17PC,H17PC,17.50,Marandu,H17,501 | 12t | 2022,9.05,"1,419.51","10,641.09",,,Oferta,,4,0,00:00:00,"44,887.00","-21.103542263045078 , -52.6235",501,Horizonte,"44,887.00","1,437.36",0,POINT (-52.6235 -21.103542263045078),-21.10,-52.62,,,
223,226,5011H17PD,H17PD,16.10,Marandu,H17,501 | 12t | 2022,9.05,"3,021.21","18,031.79",,,Oferta,,1,0,00:00:00,"44,887.00","-21.100365010722278 , -52.6213",501,Horizonte,"44,887.00","2,267.30",0,POINT (-52.6213 -21.100365010722278),-21.10,-52.62,,,
224,227,5011H19APA,H9APA,13,Xaraés,H9A,501 | 12t | 2022,9.05,"1,075.01","6,473.45","5,012",Lote 3,Oferta,5,3,0,1969-12-31 21:00:45,14.66,"-21.089376732856845 , -52.6229",501,Horizonte,7.00,"1,126.14","1,206.01",POINT (-52.6229 -21.089376732856845),-21.09,-52.62,,,
225,228,5011H19APB,H9APB,12.60,Xaraés,H9A,501 | 12t | 2022,9.05,"1,672.18","8,679.11","5,012",Lote 3,Oferta,6,4,1,1969-12-31 21:00:45,6.45,"-21.092087403436373 , -52.6214",501,Horizonte,0.00,"1,748.59","2,398.10",POINT (-52.6214 -21.092087403436373),-21.09,-52.62,,,
226,229,5011H19APC,H9APC,15.20,Xaraés,H9A,501 | 12t | 2022,9.05,"1,309.88","8,709.95","5,012",Lote 3,Oferta,6,1,0,00:00:00,"44,887.00","-21.09042419561941 , -52.61753",501,Horizonte,"44,887.00","1,333.62","2,000.74",POINT (-52.61753 -21.09042419561941),-21.09,-52.62,
227,230,5011H19APD,H9APD,16.90,Xaraés,H9A,501 | 12t | 2022,9.05,"1,279.22","9,518.49","5,012",Lote 3,Oferta,7,2,0,1969-12-31 21:00:45,20.39,"-21.08641976140755 , -52.62167",501,Horizonte,15.00,"1,229.88","1,603.38",POINT (-52.62167 -21.08641976140755),-21.09,-52.62,,,
228,231,5011H9BPA,H9BPA,13.50,Xaraés,H9B,501 | 12t | 2022,9.05,"2,828.52","14,288.43","5,013",Lote 6,Oferta,10,1,0,00:00:00,"44,887.00","-21.082602576117267 , -52.6171",501,Horizonte,"44,887.00","2,163.56",,POINT (-52.6171 -21.082602576117267),-21.08,-52.62,,
229,232,5011H9BPB,H9BPB,12.20,Xaraés,H9B,501 | 12t | 2022,9.05,"2,331.87","10,975.90","5,013",Lote 6,Oferta,8,2,0,1969-12-31 21:00:45,35.13,"-21.08495253492932 , -52.61885",501,Horizonte,27.00,"1,956.08",0,POINT (-52.61885 -21.08495253492932),-21.08,-52.62,,,,
230,233,5011H9BPC,H9BPC,12.70,Xaraés,H9B,501 | 12t | 2022,9.05,"1,446.43","7,831.66","5,013",Lote 6,Oferta,5,3,0,1969-12-31 21:00:45,19.40,"-21.086954772508207 , -52.6154",501,Horizonte,12.00,"1,541.11",0,POINT (-52.6154 -21.086954772508207),-21.09,-52.62,,,,
231,234,5011H9BPD,H9BPD,12.20,Xaraés,H9B,501 | 12t | 2022,9.05,"2,036.25","9,823.19","5,013",Lote 6,Oferta,7,4,1,1969-12-31 21:00:45,11.42,"-21.084480487703093 , -52.6139",501,Horizonte,2.00,"1,852.33",0,POINT (-52.6139 -21.084480487703093),-21.08,-52.61,,,,
232,235,60112727A,27A,28.70,Piatã,27,601 | 7t | 2022,5.34,743.11,"9,431.47","6,011","Lote 8012,801, outros",Oferta,2,4,0,00:00:00,"44,887.00","-19.770473, -52.376404",601,Sertão,"44,887.00",0,0,POINT (-52.376404 -19.770473),-19.77,-52.38,,
233,236,60112727B,27B,28.50,Piatã,27,601 | 7t | 2022,5.34,"2,243.14","23,029.50","6,011","Lote 8012,801, outros",Oferta,7,2,0,00:00:00,"44,887.00","-19.768618, -52.371785",601,Sertão,"44,887.00",0,0,POINT (-52.371785 -19.768618),-19.77,-52.37,
234,237,60112727C,27C,28.50,Piatã,27,601 | 7t | 2022,5.34,"2,312.15","23,658.12","6,011","Lote 8012,801, outros",Oferta,7,1,0,00:00:00,"44,887.00","-19.774144, -52.371288",601,Sertão,"44,887.00",,,POINT (-52.371288 -19.774144),-19.77,-52.37,
235,238,60112727D,27D,30.70,Piatã,27,601 | 7t | 2022,5.34,"1,506.20","17,576.26","6,011","Lote 8012,801, outros",Oferta,5,3,0,00:00:00,"44,887.00","-19.775988, -52.375064",601,Sertão,"44,887.00",0,0,POINT (-52.375064 -19.775988),-19.78,-52.38,
236,239,70111818A,18A,22.60,Xaraés,18,701 | 10t | 2022,8.89,677.32,"8,317.34","7,011","Lote 7,1, outros",Oferta,8,3,0,1969-12-31 21:00:45,28.58,"-20.969653, -52.860714",701,Santa Ana,19.00,,,POINT (-52.860714 -20.969653),-20.97,-52.86,,,,
237,240,70111818B,18B,22.60,Xaraés,18,701 | 10t | 2022,8.89,677.32,"8,317.34","7,011","Lote 7,1, outros",Oferta,8,1,0,00:00:00,"44,887.00","-20.972967, -52.863236",701,Santa Ana,"44,887.00",,,POINT (-52.863236 -20.972967),-20.97,-52.86,,
238,241,70111818C,18C,26.20,Xaraés,18,701 | 10t | 2022,8.89,677.32,"9,642.23","7,011","Lote 7,1, outros",Oferta,9,1,0,00:00:00,"44,887.00","-20.972294, -52.868227",701,Santa Ana,"44,887.00",,,POINT (-52.868227 -20.972294),-20.97,-52.87,,
239,242,70111818D,18D,22.70,Xaraés,18,701 | 10t | 2022,8.89,677.32,"8,354.15","7,011","Lote 7,1, outros",Oferta,8,4,1,1969-12-31 21:00:45,18.36,"-20.968313, -52.865509",701,Santa Ana,12.00,,,POINT (-52.865509 -20.968313),-20.97,-52.87,,,,
240,243,70114R4A,R4A,27.60,Marandu,4,701 | 6t | 2022,4.42,359.26,"5,247.59","7,012",Lote 3,Oferta,3,3,1,1969-12-31 21:00:45,4.72,"-20.984425, -52.864916",701,Santa Ana,5.00,,,POINT (-52.864916 -20.984425),-20.98,-52.86,,,,,,
241,244,70114R4B,R4B,28.20,Marandu,4,701 | 6t | 2022,4.42,359.26,"5,361.67","7,012",Lote 3,Oferta,3,3,0,1969-12-31 21:00:45,9.67,"-20.990338, -52.864467",701,Santa Ana,5.00,,,POINT (-52.864467 -20.990338),-20.99,-52.86,,,,,,
242,245,70114R4C,R4C,33.40,Marandu,4,701 | 6t | 2022,4.42,359.26,"6,350.34","7,012",Lote 3,Oferta,3,2,0,1969-12-31 21:00:45,18.38,"-20.992086, -52.868837",701,Santa Ana,10.00,,,POINT (-52.868837 -20.992086),-20.99,-52.87,,,,,,
243,246,70114R4D,R4D,30.30,Marandu,4,701 | 6t | 2022,4.42,359.26,"5,760.94","7,012",Lote 3,Oferta,3,1,0,1969-12-31 21:00:45,27.40,"-20.985664, -52.869007",701,Santa Ana,19.00,,,POINT (-52.869007 -20.985664),-20.99,-52.87,,,,,,
244,247,70115R5A,R5A,49.40,Decumbens,5,701 | 1t | 2022,1.10,359.26,"6,602.18","7,013",Lote 4,Oferta,4,3,1,1969-12-31 21:00:45,9.68,"-20.993567, -52.857865",701,Santa Ana,10.00,,,POINT (-52.857865 -20.993567),-20.99,-52.86,,,,,,
245,248,70115R5B,R5B,40,Decumbens,5,701 | 1t | 2022,1.10,359.26,"5,345.90","7,013",Lote 4,Oferta,3,3,0,1969-12-31 21:00:45,13.66,"-20.991149, -52.851556",701,Santa Ana,10.00,,,POINT (-52.851556 -20.991149),-20.99,-52.85,,,,,,
246,249,70115R5C,R5C,48.60,Decumbens,5,701 | 1t | 2022,1.10,359.26,"6,495.26","7,013",Lote 4,Oferta,4,2,0,1969-12-31 21:00:45,18.40,"-20.996562, -52.849500",701,Santa Ana,14.00,,,POINT (-52.8495 -20.996562),-21.00,-52.85,,,,,,
247,250,70115R5D,R5D,48.30,Decumbens,5,701 | 1t | 2022,1.10,359.26,"6,455.17","7,013",Lote 4,Oferta,4,1,0,1969-12-31 21:00:45,28.10,"-20.999538, -52.855487",701,Santa Ana,19.00,,,POINT (-52.855487 -20.999538),-21.00,-52.86,,,,,,
